model,train_accuracy,test_accuracy,roc_auc,false_negatives
LogisticRegression,0.9874371859296482,0.9883040935672515,0.9981016355140186,1.0
KNN_k5,0.9723618090452262,0.9590643274853801,0.9826956775700935,7.0
